"RMSE","NRMSE","R2_test","Bias_test","fuelType","model"
8.01608034573428,262.528962579986,0.211264245255941,0.969332699709184,"Total surface fuels","Random Forest"
1.81505393075407,100.090102169055,0.251923540203083,-0.404896855097436,"Total surface fuels","Random Forest"
5.74989287620375,195.918602724518,0.0151568504235188,0.700891058839506,"Total surface fuels","Random Forest"
4.59712985862096,238.099102915415,-8.37168633362425,-0.993821758522665,"Total surface fuels","Random Forest"
1.84845353546167,87.0260848219714,0.15521392975149,-0.364667952455204,"Total surface fuels","Random Forest"
5.23571928995789,187.436765875058,0.265960252397347,0.319899458528288,"Total surface fuels","Random Forest"
2.51586927387468,154.765433862451,-2.97995595262005,-1.3373148977372,"Total surface fuels","Random Forest"
7.76886138528481,216.805722121865,0.181854696359931,1.51548159960019,"Total surface fuels","Random Forest"
1.69140879903173,105.525531070771,-0.201221503564339,-0.484012987025395,"Total surface fuels","Random Forest"
1.83393360282201,84.3038403316638,0.245533607347535,0.234625817872,"Total surface fuels","Random Forest"
1.83152709919099,113.408421089443,-0.880823928325928,-0.545543957094444,"Total surface fuels","Random Forest"
5.59904378668931,194.153574249434,0.0925042316571035,1.01657068341026,"Total surface fuels","Random Forest"
2.74745556622778,178.836771652836,-4.40690296129347,-1.22875348055674,"Total surface fuels","Random Forest"
1.74519648906943,73.7078915188212,0.297444296560621,0.186672096814542,"Total surface fuels","Random Forest"
7.7753675018205,230.144359001821,0.2219868489141,1.02432445514261,"Total surface fuels","Random Forest"
8.19203525285762,230.23205871354,0.0999280672580845,1.13750883454855,"Total surface fuels","Random Forest"
6.00198917543338,177.183346027069,0.0351553558370894,1.62930335370667,"Total surface fuels","Random Forest"
1.58605214428915,133.567860841241,-3.56276754412355,-1.02619873165348,"Total surface fuels","Random Forest"
2.4899859336984,115.799680276066,-0.269903122205825,-0.356593528277255,"Total surface fuels","Random Forest"
4.48485921473709,313.019217452314,-13.6183192392446,-1.35572564349867,"Total surface fuels","Random Forest"
6.99376512645378,442.107013874167,-17.840234808574,-2.75219684938133,"Total surface fuels","Random Forest"
8.285860667216,233.310898148366,0.1221242348208,1.33596807314603,"Total surface fuels","Random Forest"
1.89207945254935,87.4050635779763,0.117103777419582,0.122443203100012,"Total surface fuels","Random Forest"
4.87323916027396,240.015749523438,-4.93169732676676,-0.558591126256409,"Total surface fuels","Random Forest"
5.16167758502878,207.561915410516,0.169259749188053,0.377361779761904,"Total surface fuels","Random Forest"
1.59904115329457,86.2174820880686,0.13169210319169,-0.29006046951912,"Total surface fuels","Random Forest"
1.77326675088873,99.1478150504822,-0.679477797053323,-0.396167922369714,"Total surface fuels","Random Forest"
5.87040490747659,173.564954239861,0.0660722175594501,1.47986678387654,"Total surface fuels","Random Forest"
8.13745857155892,252.800290947979,0.157149126787618,0.404302064856542,"Total surface fuels","Random Forest"
1.34262526981674,88.8178419432529,-3.32472113149334,-0.229472730322221,"Total surface fuels","Random Forest"
1.76401176254651,98.4152796876203,-0.169152594468009,-0.433032389577979,"Total surface fuels","Random Forest"
6.85962554982758,174.35552748248,0.46982121530301,0.271519750260863,"Total surface fuels","Random Forest"
4.77498270111586,170.133042383502,0.313643575691861,0.698868089313227,"Total surface fuels","Random Forest"
1.26016110986794,75.775135239396,-0.235686984119897,-0.0613470889121731,"Total surface fuels","Random Forest"
3.01276976918177,163.324589873704,-0.944500681427559,-1.29543098655292,"Total surface fuels","Random Forest"
2.92209208103415,154.014674523495,-3.57335213343104,-0.996815624607307,"Total surface fuels","Random Forest"
8.29980004106333,239.006975266885,0.188413275037262,1.23714127699097,"Total surface fuels","Random Forest"
2.74465784343413,119.974902380599,-0.18593272948848,0.254765528113581,"Total surface fuels","Random Forest"
1.38301876919145,81.8693405073965,-0.0804521416001325,-0.537773960962294,"Total surface fuels","Random Forest"
5.53171560102597,212.663990338656,0.116099660445365,0.899338636666668,"Total surface fuels","Random Forest"
2.03948188212113,132.711375871701,-5.51934955458498,-0.605971286143592,"Total surface fuels","Random Forest"
1.58119183503655,76.0800624151507,0.466964669097995,0.129843435817714,"Total surface fuels","Random Forest"
4.62785675485771,301.991475735879,-10.4992450977874,-1.03367687966666,"Total surface fuels","Random Forest"
5.78282092677682,200.164978020635,0.0922132539621349,0.394251047805555,"Total surface fuels","Random Forest"
8.01060663662363,206.374322098131,0.195688274346285,1.64652383534512,"Total surface fuels","Random Forest"
5.512295397154,189.591704815275,0.102422245037,0.775667848307692,"Total surface fuels","Random Forest"
8.19924069912818,200.777932244596,0.198734994954725,1.60237718743562,"Total surface fuels","Random Forest"
1.94024618070473,128.791579845476,-1.7081179532423,-0.886890672896382,"Total surface fuels","Random Forest"
3.30547509645711,173.908694148832,-2.31846440926016,-0.820362326742855,"Total surface fuels","Random Forest"
1.0039138891939,67.8222433609049,-0.186256659778272,-0.178260325788889,"Total surface fuels","Random Forest"
0.0383103567032187,85.5906092565207,0.573624511984155,0.00813414111999997,"Herbaceous fuels","Random Forest"
0.043213365184091,128.681910251325,0.0672176505161437,-0.0200739791794872,"Herbaceous fuels","Random Forest"
0.0370184816502475,122.770476656597,0.420269604013719,-0.0036423707160494,"Herbaceous fuels","Random Forest"
0.0341069292544562,141.790812718073,0.398618554340703,-0.00367237024000002,"Herbaceous fuels","Random Forest"
0.034535936809314,99.9951844057318,0.164566145096597,0.00900326562666667,"Herbaceous fuels","Random Forest"
0.0389327216015424,107.901671952171,0.470793182480576,0.00240847977777776,"Herbaceous fuels","Random Forest"
0.0268374462958821,104.827474865233,0.559903930969309,-0.0111162777435898,"Herbaceous fuels","Random Forest"
0.0430728273952682,135.931559337666,0.124590266331927,0.00379094723809524,"Herbaceous fuels","Random Forest"
0.0378408893221611,95.0890793918891,0.393095683488906,0.00584716372000002,"Herbaceous fuels","Random Forest"
0.0315745979121565,92.0735487103897,0.579072815028079,-0.00204710013333335,"Herbaceous fuels","Random Forest"
0.0443540904684401,103.225066060525,0.523797410842562,0.00947710508333331,"Herbaceous fuels","Random Forest"
0.03092656250391,119.613623869698,0.368495326521271,-0.000741575564102562,"Herbaceous fuels","Random Forest"
0.0342034666771949,83.863648963322,0.481387675794812,-0.0116147269230769,"Herbaceous fuels","Random Forest"
0.0248766760618868,126.344242960176,0.331013457050273,-0.00819553759999999,"Herbaceous fuels","Random Forest"
0.0422426870257576,112.378566753582,0.211915016905576,0.00837014790123456,"Herbaceous fuels","Random Forest"
0.035735895363179,120.434017525317,0.364850046157151,0.0038870085925926,"Herbaceous fuels","Random Forest"
0.0252940481711974,170.298180620471,-0.0843409366468721,-0.0134615727466667,"Herbaceous fuels","Random Forest"
0.0392662999760527,83.7156933119404,0.43049103615905,0.0122844373043478,"Herbaceous fuels","Random Forest"
0.0442287288188412,91.4383477751524,0.496532419601879,0.00766545434353742,"Herbaceous fuels","Random Forest"
0.0235817710378315,88.5999813564453,0.551752844354919,-0.00639687634666671,"Herbaceous fuels","Random Forest"
0.043210601754598,120.008114542409,0.184703799587434,0.00558575389333333,"Herbaceous fuels","Random Forest"
0.0382276020876269,143.356264679845,0.202767326885828,-0.0141356582820513,"Herbaceous fuels","Random Forest"
0.0318460254392893,86.7430820823845,0.611692889461904,0.00341547234782607,"Herbaceous fuels","Random Forest"
0.0311271401082088,88.7201976335703,0.608220023821362,-0.00720182438461537,"Herbaceous fuels","Random Forest"
0.040443017131728,122.959138256644,0.246032209775938,0.00838604395238095,"Herbaceous fuels","Random Forest"
0.0249043015874673,139.207946268683,-0.015157816979086,-0.0141859408888889,"Herbaceous fuels","Random Forest"
0.0413143063362265,95.6087382643751,0.392556513431864,0.0106517928888889,"Herbaceous fuels","Random Forest"
0.0395279820508316,118.059238426156,0.561607858050373,0.000410551950617273,"Herbaceous fuels","Random Forest"
0.0405643542400839,110.873513544656,0.276134335203808,0.00938506956410255,"Herbaceous fuels","Random Forest"
0.0230562485641758,67.5047535183014,0.656981827397393,-0.00768469766666667,"Herbaceous fuels","Random Forest"
0.0438828152087147,88.6163473520087,0.537264144218105,0.0105580231034483,"Herbaceous fuels","Random Forest"
0.046357988331668,206.602412732205,-0.534956663751576,-0.00619278049275362,"Herbaceous fuels","Random Forest"
0.0279502772206566,90.2527608301914,0.54611156624392,-0.00411484775308643,"Herbaceous fuels","Random Forest"
0.0311073036367265,102.677923279398,0.306916875003108,-0.00449935018666668,"Herbaceous fuels","Random Forest"
0.0350811327702487,116.079411361326,0.364844135902444,-0.000744554000000008,"Herbaceous fuels","Random Forest"
0.0320007671432103,173.751016110732,0.198112576585162,-0.0165284924533333,"Herbaceous fuels","Random Forest"
0.0467294429375112,111.672703877431,0.219400021418156,0.00846164805555554,"Herbaceous fuels","Random Forest"
0.0341574897421745,101.991973705953,0.282652999869349,-0.00429108359788361,"Herbaceous fuels","Random Forest"
0.0311902834758429,88.0430983597425,0.634602711491134,0.00441837169230768,"Herbaceous fuels","Random Forest"
0.0333022721674835,88.2629027884374,0.597216945375442,0.00123371049450548,"Herbaceous fuels","Random Forest"
0.0431127976849968,120.132543812954,0.443530378622715,-0.00130334682051284,"Herbaceous fuels","Random Forest"
0.0366614670287401,89.653700408883,0.464559220974902,-0.00123520235897436,"Herbaceous fuels","Random Forest"
0.0291951715430489,92.4482949431567,0.664988596360444,0.000188653769230726,"Herbaceous fuels","Random Forest"
0.0270560771053836,90.9957750181063,0.526288281503749,-0.000122972636363652,"Herbaceous fuels","Random Forest"
0.0326667084750357,114.762514910676,0.176633387687708,-0.0022779884871795,"Herbaceous fuels","Random Forest"
0.0304236187691171,90.7709180204082,0.347325416854486,-0.00479815748717949,"Herbaceous fuels","Random Forest"
0.0359371788589178,93.598103041312,0.527253744959259,-0.00704175440000003,"Herbaceous fuels","Random Forest"
0.0403414989368705,113.227217691504,0.562209933239751,-0.00183163256000003,"Herbaceous fuels","Random Forest"
0.0367407356536063,114.274037845572,0.440542655919438,0.00753873183333332,"Herbaceous fuels","Random Forest"
0.032900385542199,121.710532864661,-0.0699793851155774,0.00429042469444442,"Herbaceous fuels","Random Forest"
0.142234672574042,77.3014524858922,0.723553178757882,-0.0637333461757671,"Live woody fuels","Random Forest"
1.36236435778507,257.069280282486,0.254638540078188,0.245273166433379,"Live woody fuels","Random Forest"
1.43053038530184,493.533421625509,-2.67623501269948,-0.564247820774132,"Live woody fuels","Random Forest"
0.704238480409365,211.883123570684,-1.73449947595808,-0.341538060375391,"Live woody fuels","Random Forest"
1.4100246753312,174.522519116838,0.237025652362587,0.401826442456939,"Live woody fuels","Random Forest"
0.502545456466244,177.037819772277,-1.00552324122875,-0.0694319537435238,"Live woody fuels","Random Forest"
1.15014301044966,466.813795234583,-12.9785349424886,-0.505950474626891,"Live woody fuels","Random Forest"
0.830893630551273,159.617095345042,0.496222647608457,0.235715459636054,"Live woody fuels","Random Forest"
1.11119229261292,219.83887325325,0.313643745598175,0.162568652642797,"Live woody fuels","Random Forest"
1.37972304952639,241.51365097815,0.28224109222619,0.113429344622742,"Live woody fuels","Random Forest"
0.804097808283869,349.283769380807,-4.73541228866232,-0.304955604117124,"Live woody fuels","Random Forest"
1.06760485750683,253.849447404028,-0.213785009116115,-0.0561400710229776,"Live woody fuels","Random Forest"
0.229711446395004,83.0002335579578,0.513664627918392,-0.0750358110322371,"Live woody fuels","Random Forest"
1.26964775472583,178.471309978194,0.294526906579656,0.35975620872987,"Live woody fuels","Random Forest"
1.4267839302165,290.258936978945,0.175638741068082,0.00897003356887538,"Live woody fuels","Random Forest"
0.763529631817808,289.15086483226,-4.46503759164612,-0.272039783513929,"Live woody fuels","Random Forest"
1.37434770242158,264.969434508874,0.267541865181985,0.200884669745804,"Live woody fuels","Random Forest"
0.756900790049623,247.429136693576,-1.94223911225779,-0.249990120276333,"Live woody fuels","Random Forest"
1.40650342883057,176.39819260715,0.272442984689665,0.384471924536525,"Live woody fuels","Random Forest"
0.599874167436726,285.410814884026,-1.85335551730194,-0.174904493940025,"Live woody fuels","Random Forest"
0.876094112014216,240.5487965105,0.204177436054939,-0.0175825699670999,"Live woody fuels","Random Forest"
0.650218346060939,256.059716059768,-2.33345897019461,-0.193099463837382,"Live woody fuels","Random Forest"
1.32084397854244,181.509627166006,0.282295550515919,0.380526179615877,"Live woody fuels","Random Forest"
1.42209938629418,238.30463146732,0.204152305397906,0.126286493733802,"Live woody fuels","Random Forest"
0.55676516621514,230.869616111768,-1.60529059651989,-0.165333566781592,"Live woody fuels","Random Forest"
1.36130170219565,225.52358452703,0.0311895682509008,-0.0508872040235769,"Live woody fuels","Random Forest"
0.492947432225216,189.934992951503,-1.02227929480806,-0.11685747332311,"Live woody fuels","Random Forest"
1.61989342068123,202.46418156498,0.253582182994235,0.429865157375032,"Live woody fuels","Random Forest"
0.8075202072594,316.39780265747,-3.10280191397296,-0.27605254667773,"Live woody fuels","Random Forest"
0.521963282414001,251.540488215961,-2.26539565302413,-0.12836674157672,"Live woody fuels","Random Forest"
1.0755758616744,263.987440236278,-0.958143167508114,-0.378758669327412,"Live woody fuels","Random Forest"
1.46322406740407,179.571182250491,0.217409486900617,0.386061124321891,"Live woody fuels","Random Forest"
0.159192136887721,61.9799806190297,0.839903517512575,-0.0441813070071079,"Live woody fuels","Random Forest"
0.712474504795734,871.541239499214,-52.909570851745,-0.258067128048139,"Live woody fuels","Random Forest"
1.40598501463948,222.33230251423,0.265385186162552,0.2382797728272,"Live woody fuels","Random Forest"
1.02651260843541,301.757848969306,-6.71449998107173,-0.484662187800417,"Live woody fuels","Random Forest"
0.88913708061474,208.419998190707,0.265296827493747,0.0960931733419314,"Live woody fuels","Random Forest"
1.93565243437633,221.440501873468,0.11533687562026,0.576493533160061,"Live woody fuels","Random Forest"
0.866873961809155,321.610526806744,-3.57692933586553,-0.23982224021238,"Live woody fuels","Random Forest"
0.130770136876804,63.4294885155531,0.781507881385304,-0.0761200292111614,"Live woody fuels","Random Forest"
0.971095214013521,419.886973976271,-6.5402599865895,-0.423060270636456,"Live woody fuels","Random Forest"
1.44113309761026,236.684702240842,0.055621300283435,0.268398828128205,"Live woody fuels","Random Forest"
0.414674910525863,192.143350329206,-0.457673405003163,-0.182364876245999,"Live woody fuels","Random Forest"
0.86438569529657,339.627399825771,-7.9661294472218,-0.288539852541973,"Live woody fuels","Random Forest"
1.60215911928488,196.964298690093,0.208150922426354,0.481591631327236,"Live woody fuels","Random Forest"
0.884883521265569,305.237503023653,-3.22329334813534,-0.294470638588982,"Live woody fuels","Random Forest"
2.02349353644589,199.961335392795,0.0753320925994035,0.611761289265081,"Live woody fuels","Random Forest"
0.560729148271908,183.798377162037,-0.887711907289674,-0.0523090145640307,"Live woody fuels","Random Forest"
0.763098743911742,198.092065378692,0.343543884192949,-0.0252165565510207,"Live woody fuels","Random Forest"
0.39555770301109,274.102766967702,-1.52495064252174,-0.132721016233549,"Live woody fuels","Random Forest"
7.60579244915942,367.792902339442,0.304388378195965,0.965211544719999,"Large-diameter DDW","Random Forest"
1.42373947610239,316.283825583675,-1.6262113461031,-0.546122979610257,"Large-diameter DDW","Random Forest"
5.75683820136242,341.775201419466,-0.00365015733999741,1.25619421669136,"Large-diameter DDW","Random Forest"
4.66423407611049,668.511872672436,-13.878860752473,-0.77649396365867,"Large-diameter DDW","Random Forest"
1.88196574919686,389.050680292273,-2.74455464023553,-0.431256179104,"Large-diameter DDW","Random Forest"
6.11629515110285,351.35626881227,0.00842285145438271,0.91174392525,"Large-diameter DDW","Random Forest"
4.5423282672119,863.065739934911,-15.933830407915,-0.831080621789746,"Large-diameter DDW","Random Forest"
7.13734913842249,327.966789195247,0.313632125756588,1.02196776560952,"Large-diameter DDW","Random Forest"
1.17263063472346,406.004047720488,-7.22512962120135,-0.396823261733333,"Large-diameter DDW","Random Forest"
0.84027051877117,141.941040250163,-0.18960889521579,0.237716687690667,"Large-diameter DDW","Random Forest"
1.55768953876879,289.851238117786,-1.36516643537059,-0.285793044044445,"Large-diameter DDW","Random Forest"
5.8871865306397,398.464073291597,-0.00593247659496288,0.894399036179488,"Large-diameter DDW","Random Forest"
3.20300399988305,809.122303806296,-11.0003689620554,-1.21812539287179,"Large-diameter DDW","Random Forest"
1.15512933907556,164.751109495955,-0.095628922191034,0.225797984373333,"Large-diameter DDW","Random Forest"
6.27305646819277,285.695122020723,0.487793897966841,0.460360358740743,"Large-diameter DDW","Random Forest"
6.18139715062682,275.123309455344,0.50365222522956,0.956614153081482,"Large-diameter DDW","Random Forest"
6.14620064382535,329.669708759641,-0.0521743494267297,1.50457524586667,"Large-diameter DDW","Random Forest"
1.06339768461852,538.716206459491,-12.0738632710356,-0.62943249973913,"Large-diameter DDW","Random Forest"
1.5494414406449,274.75776082934,-2.36764020648301,-0.168808926342857,"Large-diameter DDW","Random Forest"
2.18451437751692,504.952729042212,-4.42899519782072,-0.865582372821334,"Large-diameter DDW","Random Forest"
7.75772633083279,1838.23317022118,-75.4122889431915,-2.93698282899201,"Large-diameter DDW","Random Forest"
7.44015012742654,303.071360887491,0.308726824432651,1.54118063852308,"Large-diameter DDW","Random Forest"
0.959204757454672,176.25622298805,-0.169698596970989,0.118914189942029,"Large-diameter DDW","Random Forest"
4.33261760221533,870.498349831218,-41.3778738957443,-0.909922872820516,"Large-diameter DDW","Random Forest"
5.67241173491992,411.668906204273,-0.00240032211318053,0.747848987952383,"Large-diameter DDW","Random Forest"
0.807000139027636,219.14364878031,-0.397336255330945,-0.248525650655556,"Large-diameter DDW","Random Forest"
1.37701947706384,212.308365448707,-0.340177360948834,-0.332914431081718,"Large-diameter DDW","Random Forest"
5.86143263072579,347.230481494599,-0.0359999736315506,1.22095831728395,"Large-diameter DDW","Random Forest"
6.38643289919019,295.042590211043,0.491793893061461,0.11846761146154,"Large-diameter DDW","Random Forest"
1.21356497566613,285.247148229565,-3.14750856403809,-0.216152553966665,"Large-diameter DDW","Random Forest"
1.11910145810012,240.253640639786,-0.730203649286044,-0.223773574036782,"Large-diameter DDW","Random Forest"
7.38774159132591,325.041771942667,0.392776155955563,0.318801604394204,"Large-diameter DDW","Random Forest"
5.93256638574958,337.794054661804,-0.0515456809478319,1.3632363717037,"Large-diameter DDW","Random Forest"
1.12214720445249,184.886750211635,-0.332110372032376,0.115486118384762,"Large-diameter DDW","Random Forest"
1.36541208421318,326.373822491847,-1.20894166140045,-0.603558281177779,"Large-diameter DDW","Random Forest"
2.15978183590925,417.044201092235,-3.33964425754407,-0.464232616373334,"Large-diameter DDW","Random Forest"
6.85973208144998,312.387233281772,0.45477200428006,-0.13106613488889,"Large-diameter DDW","Random Forest"
1.83655759405309,326.295884436317,-4.27591759060684,-0.288679583846914,"Large-diameter DDW","Random Forest"
1.14340409122157,184.807973884139,-0.0963639815465318,0.0215265739846161,"Large-diameter DDW","Random Forest"
5.87570000088456,368.245909168085,0.00713822400356623,0.900956305051284,"Large-diameter DDW","Random Forest"
1.24442081285313,360.372247601762,-5.7803191918736,-0.533742628553846,"Large-diameter DDW","Random Forest"
1.00222241291254,177.149103000819,0.0483165957590256,0.241499608794872,"Large-diameter DDW","Random Forest"
4.569848660569,925.402006127965,-17.072811761299,-0.991367747625644,"Large-diameter DDW","Random Forest"
5.73312733151613,321.242273463732,0.121909479063069,0.312652475138888,"Large-diameter DDW","Random Forest"
7.31917153536085,322.223437465089,0.326329692974044,1.05171255305128,"Large-diameter DDW","Random Forest"
5.89393829096611,344.669048135233,-0.00832025328089836,1.30106775610256,"Large-diameter DDW","Random Forest"
7.56223580207128,342.678305073659,0.309631856457611,1.13240754795733,"Large-diameter DDW","Random Forest"
4.48695681808676,972.536538873823,-19.6917228730917,-0.964752270346669,"Large-diameter DDW","Random Forest"
3.29165814830976,562.201583964911,-6.45313250127311,-0.896509039204761,"Large-diameter DDW","Random Forest"
0.599911188679017,132.596593681356,-0.0315762479539623,-0.00747885787222235,"Large-diameter DDW","Random Forest"
0.571871612391552,75.5751359589455,-0.330443668208607,0.0328790956266657,"Fine dead surface fuels","Random Forest"
0.411898981603756,51.5046069343283,0.0348953368886344,0.0486138759230766,"Fine dead surface fuels","Random Forest"
0.510363409908314,54.8520092808815,0.146813781981423,0.10969924528395,"Fine dead surface fuels","Random Forest"
0.451528590841467,55.3322162416997,-0.122764319729069,-0.0200930386933342,"Fine dead surface fuels","Random Forest"
0.484834913666824,60.7700232918466,0.066863866740966,-0.135341625013334,"Fine dead surface fuels","Random Forest"
0.502369870310871,68.5723078537388,-0.53239085346567,-0.0910840759722223,"Fine dead surface fuels","Random Forest"
0.442138000368604,53.4423977118977,-0.178496529145338,0.0307138299487176,"Fine dead surface fuels","Random Forest"
0.478427568048977,55.9665399327337,0.208088297067208,0.0580896794047608,"Fine dead surface fuels","Random Forest"
0.475099082401482,61.8000596280649,0.103244070313604,-0.0904542414400011,"Fine dead surface fuels","Random Forest"
0.573598615785909,62.5363723349922,-0.162229128140042,0.0613924658666661,"Fine dead surface fuels","Random Forest"
0.45330413285329,61.1527770572318,0.196317616876453,-0.0959567982777784,"Fine dead surface fuels","Random Forest"
0.480765662263908,50.0833682671891,0.128900302656486,0.148605629153845,"Fine dead surface fuels","Random Forest"
0.594871108323906,72.2908151441715,-0.786887973404624,0.0197557012307689,"Fine dead surface fuels","Random Forest"
0.513291287327766,54.8685449345805,-0.0191396551293308,0.10156281416,"Fine dead surface fuels","Random Forest"
0.456865415670699,69.8985819146763,-0.458892201099229,-0.160933380641976,"Fine dead surface fuels","Random Forest"
0.476595988673804,49.5655598626315,0.0911248117239152,0.168704056148148,"Fine dead surface fuels","Random Forest"
0.483722007638692,48.8825344232479,-0.0450251642916706,0.182265060319999,"Fine dead surface fuels","Random Forest"
0.541043047681962,84.9034300950636,-0.712377492928177,-0.256431708144928,"Fine dead surface fuels","Random Forest"
0.442356288878473,59.7288715272085,-0.0825671936951931,-0.0726746686428579,"Fine dead surface fuels","Random Forest"
0.533134245402596,69.8403280178878,-0.072394922447401,-0.0126619603733336,"Fine dead surface fuels","Random Forest"
0.541026454922041,71.2173778388203,-0.3231820342823,-0.137379168826667,"Fine dead surface fuels","Random Forest"
0.41900675429493,51.3545794671172,-0.0177189766298624,0.0390147521794875,"Fine dead surface fuels","Random Forest"
0.510717849248702,59.6561491649728,0.135012607805682,0.0568324365507241,"Fine dead surface fuels","Random Forest"
0.424969880403884,47.175651413837,0.133987582912794,0.093570576333333,"Fine dead surface fuels","Random Forest"
0.511382854890477,65.4991644310182,0.0290476367342367,-0.00772886919047633,"Fine dead surface fuels","Random Forest"
0.48162092750776,55.6851575335599,-0.0263090275890323,0.0413465758888883,"Fine dead surface fuels","Random Forest"
0.43915050441838,52.4567130221145,0.12871946280481,0.0442887713580238,"Fine dead surface fuels","Random Forest"
0.597728167058018,74.2965207125254,-0.0916738657895202,-0.0135397404938275,"Fine dead surface fuels","Random Forest"
0.514255698207514,67.4399684928648,-0.0349995724414585,-0.0219214285897438,"Fine dead surface fuels","Random Forest"
0.425807290589027,50.4178473032037,-0.357533273076428,-0.0123876586388901,"Fine dead surface fuels","Random Forest"
0.494045846632026,60.4397082843092,0.0240706203117047,-0.00986250655172379,"Fine dead surface fuels","Random Forest"
0.440422483298079,53.4406455465015,0.207486728803873,-0.00385559597101522,"Fine dead surface fuels","Random Forest"
0.485421527572896,63.6588094141393,-0.00792485352348105,-0.067550092592593,"Fine dead surface fuels","Random Forest"
0.505415299781731,53.5372155835963,-0.0162113970723585,0.127983905386667,"Fine dead surface fuels","Random Forest"
0.39158555393539,51.2753472411933,0.127903448223428,-0.0215125641111119,"Fine dead surface fuels","Random Forest"
0.548361052852273,57.108664642547,-0.0223086526537115,0.194469057733333,"Fine dead surface fuels","Random Forest"
0.517233448134108,63.9935806168541,-0.103789003622907,-0.00396459797222343,"Fine dead surface fuels","Random Forest"
0.420809394263249,51.4919051484761,0.106363655754679,0.0489803136790117,"Fine dead surface fuels","Random Forest"
0.493742142019334,64.4880244649113,-0.0318010180061026,-0.135803633948718,"Fine dead surface fuels","Random Forest"
0.442254450951419,58.0641980759596,-0.0325279280351007,-0.137167017923078,"Fine dead surface fuels","Random Forest"
0.497788309260599,53.8556183828437,-0.0680137909779046,0.121640675769231,"Fine dead surface fuels","Random Forest"
0.602537219694131,74.8931420575024,-0.222484789040023,0.00492314730769216,"Fine dead surface fuels","Random Forest"
0.503026829630604,63.5754833306551,0.0564154779497948,-0.00337088928205197,"Fine dead surface fuels","Random Forest"
0.554150708149599,67.5702903451486,-0.364873593289656,0.059129223194444,"Fine dead surface fuels","Random Forest"
0.427937936864293,55.7035665789787,-0.272086333009385,-0.0488272583076926,"Fine dead surface fuels","Random Forest"
0.530944231109048,60.7480193380616,0.0598953940263617,0.0947282633333329,"Fine dead surface fuels","Random Forest"
0.529753972532277,64.088682408545,-0.399738859361928,-0.0578943614666671,"Fine dead surface fuels","Random Forest"
0.437458009901365,62.101237700839,0.220831346693748,-0.145434959626668,"Fine dead surface fuels","Random Forest"
0.525379330711111,62.2696048265631,-0.202228811642395,0.0503876605476179,"Fine dead surface fuels","Random Forest"
0.448721962960562,52.3939606035728,-0.0950412823463007,-0.00913590080555551,"Fine dead surface fuels","Random Forest"
8.98133137407441,294.141214474922,0.0098776902413511,1.03172407727653,"Total surface fuels","Elastic Net"
2.06226188043242,113.722241975517,0.0342726088070684,-0.752371074289416,"Total surface fuels","Elastic Net"
5.76092834531221,196.294619066855,0.011372906695073,0.74494215071502,"Total surface fuels","Elastic Net"
1.59062931452666,82.3834489142251,-0.121972377837071,-0.53520993235763,"Total surface fuels","Elastic Net"
2.03528910126215,95.8223934579104,-0.0241931851217645,-0.312810765048544,"Total surface fuels","Elastic Net"
6.13263458904275,219.545993588386,-0.00707321544612083,0.513954897435897,"Total surface fuels","Elastic Net"
2.06108008569081,126.788763231696,-1.67111051883066,-1.15752285319239,"Total surface fuels","Elastic Net"
8.72226297815113,243.412313559452,-0.0312739547920922,1.56322911412145,"Total surface fuels","Elastic Net"
2.01620725366182,125.789425544671,-0.706853600968429,-1.05436462462409,"Total surface fuels","Elastic Net"
2.01639985147708,92.6916060985731,0.0879345668190465,-0.227232756041581,"Total surface fuels","Elastic Net"
2.3326044435144,144.435202232081,-2.05072907321257,-1.27590576626122,"Total surface fuels","Elastic Net"
5.91196788084396,205.004593399047,-0.0117681705183679,0.637596663650076,"Total surface fuels","Elastic Net"
1.5829668792966,103.038130918874,-0.794861230055174,-1.05342118250377,"Total surface fuels","Elastic Net"
2.28481126237159,96.4983723739119,-0.204183755456527,0.214204031723559,"Total surface fuels","Elastic Net"
8.83340930153848,261.461509186197,-0.00415740770000128,1.34845691606295,"Total surface fuels","Elastic Net"
8.69331291286434,244.320155760021,-0.0135944373544945,1.34499189247209,"Total surface fuels","Elastic Net"
6.13353362695454,181.066639613671,-0.00760073586409038,1.28989608968306,"Total surface fuels","Elastic Net"
1.62706162218006,137.021434707541,-3.80177077058324,-1.47704962166823,"Total surface fuels","Elastic Net"
2.37549608388074,110.475197183887,-0.155807321370106,-0.295134182695297,"Total surface fuels","Elastic Net"
1.62454994414889,113.384908618474,-0.918076603660788,-1.15684507028121,"Total surface fuels","Elastic Net"
2.55418661173626,161.461501119165,-1.51286682646991,-1.5688071858535,"Total surface fuels","Elastic Net"
8.9291457725589,251.424336416384,-0.0194774736260497,1.45926039332176,"Total surface fuels","Elastic Net"
2.0855919010509,96.3444174944398,-0.0727279175937421,-0.230443244693809,"Total surface fuels","Elastic Net"
2.04730958285959,100.833660708115,-0.0469129454117845,-0.433385707390648,"Total surface fuels","Elastic Net"
5.55148382630449,223.236844490324,0.0390480690214337,0.203924838467431,"Total surface fuels","Elastic Net"
1.62742192184301,87.7477231321651,0.100596046462985,-0.61072582248315,"Total surface fuels","Elastic Net"
1.40469991450916,78.5403139462134,-0.0538850326824647,-0.72493201299013,"Total surface fuels","Elastic Net"
6.10172585409582,180.404211522362,-0.00898001100977797,1.30439840223299,"Total surface fuels","Elastic Net"
8.91225987928666,276.870459084384,-0.0109946184760401,0.991666569753068,"Total surface fuels","Elastic Net"
1.39934203764101,92.5697904827257,-3.69781852951755,-0.989464517634441,"Total surface fuels","Elastic Net"
1.75765144813284,98.0604339120918,-0.160736809122833,-0.744886542091648,"Total surface fuels","Elastic Net"
9.61050496374267,244.276404033229,-0.0406721718459364,1.89993139213251,"Total surface fuels","Elastic Net"
5.69742672386121,202.999801875943,0.022844694120726,0.592706947518946,"Total surface fuels","Elastic Net"
1.36133771258379,81.8590166525111,-0.442075765395493,-0.644803256607048,"Total surface fuels","Elastic Net"
2.25611743328603,122.305878885139,-0.0904345730436447,-0.654546418603073,"Total surface fuels","Elastic Net"
1.55146352949824,81.7729708388172,-0.289228772452535,-0.802394499343491,"Total surface fuels","Elastic Net"
9.26884339449793,266.912240413154,-0.0121637158370433,1.4157963870566,"Total surface fuels","Elastic Net"
2.51465895831135,109.921156025196,0.0044987291818126,-0.153115365400715,"Total surface fuels","Elastic Net"
1.19329335857133,70.6383329527813,0.19565228277462,-0.219558025381001,"Total surface fuels","Elastic Net"
5.89059987640372,226.461113614023,-0.00231137912224377,0.282874491704374,"Total surface fuels","Elastic Net"
1.54744310221534,100.693860033013,-2.75313290153023,-0.971393456545271,"Total surface fuels","Elastic Net"
2.07519603186628,99.8493921671494,0.0818679952045591,-0.139087917475783,"Total surface fuels","Elastic Net"
1.69022971995281,110.29618989944,-0.533913898862785,-1.02938907745635,"Total surface fuels","Elastic Net"
6.01528600458546,208.211460486429,0.0177615918430949,0.579320270058248,"Total surface fuels","Elastic Net"
9.05973188807775,233.402551342968,-0.0287841835175913,1.84120286061311,"Total surface fuels","Elastic Net"
5.77210118893465,198.527550853208,0.0158189762679473,0.603973476913425,"Total surface fuels","Elastic Net"
9.40258868492815,230.244773044294,-0.0537164996181365,2.11495189148175,"Total surface fuels","Elastic Net"
1.57626598646457,104.630942543447,-0.787363604507286,-1.06761097175454,"Total surface fuels","Elastic Net"
2.16241218378768,113.769509108422,-0.42018965379807,-0.920260959281272,"Total surface fuels","Elastic Net"
1.29603326886339,87.557194606862,-0.977051753020086,-0.922516145303543,"Total surface fuels","Elastic Net"
0.0487581238100298,108.93235882491,0.309356689243875,0.00925360347092217,"Herbaceous fuels","Elastic Net"
0.0434168234132383,129.287773587158,0.0584134755617988,-0.016690194088005,"Herbaceous fuels","Elastic Net"
0.0381459183046491,126.509580187875,0.384419269445352,-0.00161255782049239,"Herbaceous fuels","Elastic Net"
0.0416463837364481,173.134161469203,0.10335738283494,0.00108062954232826,"Herbaceous fuels","Elastic Net"
0.0321952161515518,93.2178731340677,0.273973824115462,0.00865527260474561,"Herbaceous fuels","Elastic Net"
0.0430308328699322,119.259548810381,0.353519535341982,0.00858859941847121,"Herbaceous fuels","Elastic Net"
0.0352118256234208,137.537928340986,0.242396107087114,-0.0101406424491771,"Herbaceous fuels","Elastic Net"
0.040602175623562,128.134542791098,0.222136809619119,-0.00284197628218807,"Herbaceous fuels","Elastic Net"
0.040299040813676,101.266084386248,0.31168540878902,0.00526523743760959,"Herbaceous fuels","Elastic Net"
0.0392552570512176,114.470842425283,0.349380660270095,0.000380722290661614,"Herbaceous fuels","Elastic Net"
0.0532976724527841,124.039422332999,0.312392059265862,0.0104950514580125,"Herbaceous fuels","Elastic Net"
0.0339736581263579,131.398772950926,0.237924689207072,-0.00675108014470054,"Herbaceous fuels","Elastic Net"
0.0368373843392844,90.3217646945865,0.398438336552465,0.00565250208986616,"Herbaceous fuels","Elastic Net"
0.0360846028732722,183.267323222779,-0.407591190299578,-0.014867320555563,"Herbaceous fuels","Elastic Net"
0.0404329283665992,107.564050949649,0.277994719632604,0.00111793828949387,"Herbaceous fuels","Elastic Net"
0.0387866987764908,130.715570793007,0.25177438828194,-0.00204199959832424,"Herbaceous fuels","Elastic Net"
0.0297886957958951,200.55946216131,-0.503945678156661,-0.0174896942844384,"Herbaceous fuels","Elastic Net"
0.0464952730926117,99.1278532749416,0.201493952226395,0.0191980224684801,"Herbaceous fuels","Elastic Net"
0.0539003525534868,111.433435090938,0.252268275383818,0.0132305346494689,"Herbaceous fuels","Elastic Net"
0.0286874606509,107.782764693793,0.336640550410135,-0.00433357558465555,"Herbaceous fuels","Elastic Net"
0.0397756272897806,110.468214788984,0.309173697367891,0.00480611754156815,"Herbaceous fuels","Elastic Net"
0.0365936032037594,137.228651026618,0.269464500595965,-0.0109541829688938,"Herbaceous fuels","Elastic Net"
0.0422714534498185,115.140150325181,0.315837557947239,0.00366326178485834,"Herbaceous fuels","Elastic Net"
0.0395848539650743,112.826814634064,0.366390195880558,0.00030430128013092,"Herbaceous fuels","Elastic Net"
0.0370794948990307,112.733002212133,0.366227607279444,0.000586327823276432,"Herbaceous fuels","Elastic Net"
0.0251062724677374,140.336905912451,-0.031690198813779,-0.0143574804497926,"Herbaceous fuels","Elastic Net"
0.044031911928831,101.897766565966,0.310014385929963,0.00553047554041774,"Herbaceous fuels","Elastic Net"
0.0494905842481728,147.814798086357,0.312775498099231,0.0016054795278251,"Herbaceous fuels","Elastic Net"
0.0410484349528723,112.196638994857,0.258754532429256,0.00593117579813184,"Herbaceous fuels","Elastic Net"
0.0336249257223789,98.4480331499895,0.270437496088349,4.99321002707295e-05,"Herbaceous fuels","Elastic Net"
0.058193719571224,117.515588794879,0.186239838844541,0.0174608420794584,"Herbaceous fuels","Elastic Net"
0.0498152464238029,222.010282852943,-0.772439911950441,-0.00956851170162409,"Herbaceous fuels","Elastic Net"
0.032255946102798,104.155968328495,0.395499804012474,-0.00537541143495952,"Herbaceous fuels","Elastic Net"
0.032966230749683,108.81380627701,0.221606543233639,-0.003502291377234,"Herbaceous fuels","Elastic Net"
0.0387089434794628,128.083417458102,0.226686251881781,-0.00298137866796077,"Herbaceous fuels","Elastic Net"
0.0378369570583578,205.439129193586,-0.121050113798392,-0.0136732887357911,"Herbaceous fuels","Elastic Net"
0.0453618090518654,108.404371016526,0.26442313831235,0.00561622658022689,"Herbaceous fuels","Elastic Net"
0.0360552505910372,107.658560333319,0.200728311214775,-0.00303401027765846,"Herbaceous fuels","Elastic Net"
0.0401449436480934,113.320073701571,0.39467531914616,0.00850708202343969,"Herbaceous fuels","Elastic Net"
0.0378174896567279,100.2298400688,0.480591738440639,0.00448439763280641,"Herbaceous fuels","Elastic Net"
0.0518682363067584,144.529316240378,0.194562195948148,0.00183068031237764,"Herbaceous fuels","Elastic Net"
0.0403873597311467,98.7651761672136,0.350195536446191,0.00316979308600347,"Herbaceous fuels","Elastic Net"
0.0396392400859204,125.520076269539,0.38242718858517,0.00177152129556167,"Herbaceous fuels","Elastic Net"
0.0307628359828274,103.462452857043,0.38759713699408,-0.00124776585925591,"Herbaceous fuels","Elastic Net"
0.0300031708894778,105.405151216952,0.305428738671149,-0.00564870954343002,"Herbaceous fuels","Elastic Net"
0.0332563672111645,99.2226140055859,0.220125763390696,-0.00329066242199886,"Herbaceous fuels","Elastic Net"
0.0435261677035984,113.363565507143,0.306508732121583,0.0029744387900303,"Herbaceous fuels","Elastic Net"
0.0489603174529987,137.417812143543,0.355162490873482,0.0015028967811722,"Herbaceous fuels","Elastic Net"
0.0401274331238581,124.807621019731,0.332649419168629,0.00580164193415255,"Herbaceous fuels","Elastic Net"
0.0334861207343014,123.877381099826,-0.108416835061913,-0.00195245037265937,"Herbaceous fuels","Elastic Net"
0.261366806237383,142.047177302926,0.0665275436081201,-0.204572648387313,"Live woody fuels","Elastic Net"
1.48383323472161,279.989666148692,0.115799868360381,0.170706675203313,"Live woody fuels","Elastic Net"
0.857117157128569,295.705682058851,-0.31974331347139,-0.263794447080552,"Live woody fuels","Elastic Net"
0.390578222327939,117.512655226427,0.158886913741815,-0.194835039939348,"Live woody fuels","Elastic Net"
1.43427620998039,177.52419631687,0.210554595952677,0.380989455892528,"Live woody fuels","Elastic Net"
0.31162588193144,109.780251740194,0.228840809637574,-0.155961000628398,"Live woody fuels","Elastic Net"
0.728813393491111,295.806819797451,-4.61294333184042,-0.424409531005559,"Live woody fuels","Elastic Net"
1.0005254677783,192.203867153915,0.269527155240791,0.203363007170035,"Live woody fuels","Elastic Net"
1.22124629357257,241.612015245704,0.170955825356126,0.135914767656762,"Live woody fuels","Elastic Net"
1.5270580281544,267.303905491512,0.120763248831915,0.147308590301174,"Live woody fuels","Elastic Net"
0.411226526769182,178.628457706989,-0.500061722410207,-0.279509540990227,"Live woody fuels","Elastic Net"
0.904779281850317,215.133641539136,0.12822184595591,-0.0243484376855525,"Live woody fuels","Elastic Net"
0.221944010468535,80.193673387966,0.545998336974628,-0.146763756217268,"Live woody fuels","Elastic Net"
1.43719379413006,202.02285096492,0.0960495547750365,0.358413769584701,"Live woody fuels","Elastic Net"
1.44878815358485,294.735383866719,0.150015653607717,0.088515474053056,"Live woody fuels","Elastic Net"
0.454769255129942,172.222423256683,-0.93875778093178,-0.266796018717444,"Live woody fuels","Elastic Net"
1.49951309302376,289.10088443927,0.128052996451413,0.147403595475594,"Live woody fuels","Elastic Net"
0.563475521736608,184.19885898403,-0.630610205170689,-0.196473907244636,"Live woody fuels","Elastic Net"
1.58990358803993,199.399527652094,0.0703338438357206,0.453205663866529,"Live woody fuels","Elastic Net"
0.433506572697567,206.255696423608,-0.490139541700851,-0.197382747772157,"Live woody fuels","Elastic Net"
0.902187745307126,247.713314567544,0.156065827441519,-0.0561674126588001,"Live woody fuels","Elastic Net"
0.546495559585636,215.213087516154,-1.35477789865358,-0.176237560773769,"Live woody fuels","Elastic Net"
1.4988536680077,205.971617296309,0.0758104203722412,0.397183673478087,"Live woody fuels","Elastic Net"
1.4329384714546,240.12096316642,0.191974344805047,0.15886113850842,"Live woody fuels","Elastic Net"
0.307196480145852,127.382849620937,0.206869720316135,-0.215416877049827,"Live woody fuels","Elastic Net"
1.25302366949378,207.585422824099,0.179178769286736,0.164158262291036,"Live woody fuels","Elastic Net"
0.361119815235374,139.141184389094,-0.0852818923711731,-0.12980602785333,"Live woody fuels","Elastic Net"
1.81589285213856,226.961388585255,0.0620286942019836,0.4742646553174,"Live woody fuels","Elastic Net"
0.5233965299998,205.074139967974,-0.723595810585753,-0.25540863975938,"Live woody fuels","Elastic Net"
0.372363570074005,179.446557575984,-0.661844079198311,-0.179607475958756,"Live woody fuels","Elastic Net"
0.683482999381258,167.752860473074,0.209288999935461,-0.134076393864858,"Live woody fuels","Elastic Net"
1.52260574259989,186.858676938743,0.152601220866865,0.522091174018109,"Live woody fuels","Elastic Net"
0.229003481872349,89.1603796872789,0.668699007949501,-0.127478688752488,"Live woody fuels","Elastic Net"
0.42930308295387,525.149094486854,-18.5729025080219,-0.270168263499421,"Live woody fuels","Elastic Net"
1.52559188328115,241.24606775691,0.135081797768821,0.258438236379969,"Live woody fuels","Elastic Net"
0.66834331346229,196.468936656114,-2.27023092424135,-0.338591309116502,"Live woody fuels","Elastic Net"
0.848556151714742,198.907542448712,0.330831263133925,0.0922300900810434,"Live woody fuels","Elastic Net"
2.06087841541835,235.766474655083,-0.00283136816408058,0.570305384933759,"Live woody fuels","Elastic Net"
0.354049135709568,131.352346554959,0.236534585837254,-0.19847626284139,"Live woody fuels","Elastic Net"
0.273380211578875,132.601887593479,0.0451112652664659,-0.221332420148964,"Live woody fuels","Elastic Net"
0.695893860127107,300.894045116125,-2.87211905973524,-0.329890354581378,"Live woody fuels","Elastic Net"
1.42328932286051,233.754127319968,0.0788626740395596,0.266840098882162,"Live woody fuels","Elastic Net"
0.352258995739284,163.22237470098,-0.0518865359924459,-0.260606972708554,"Live woody fuels","Elastic Net"
0.460883131858439,181.08645312893,-1.54900970611268,-0.225788677270221,"Live woody fuels","Elastic Net"
1.78104765206165,218.956280621204,0.0214518473592933,0.476119952356603,"Live woody fuels","Elastic Net"
0.426279100862128,147.043498055236,0.0199073880681071,-0.184437376653977,"Live woody fuels","Elastic Net"
2.11235788984792,208.74289780208,-0.0076672506710278,0.68605090593541,"Live woody fuels","Elastic Net"
0.345550514812246,113.26613579075,0.283109972796473,-0.120289565191633,"Live woody fuels","Elastic Net"
0.858396384003859,222.830287662735,0.169346345035389,-0.0634870786907262,"Live woody fuels","Elastic Net"
0.309409716276221,214.406289429853,-0.544902569603309,-0.248111402229316,"Live woody fuels","Elastic Net"
9.20133738271705,444.948584123923,-0.0180750624204709,1.22602960776699,"Large-diameter DDW","Elastic Net"
1.18293559002152,262.789225213688,-0.812970827751814,-0.792142238310709,"Large-diameter DDW","Elastic Net"
5.73685496540232,340.588825451203,0.00330552476883805,0.823503967125923,"Large-diameter DDW","Elastic Net"
1.36447238341723,195.566082954553,-0.273322767460211,-0.544596166391837,"Large-diameter DDW","Elastic Net"
1.22371338479511,252.973001788407,-0.583201389377437,-0.74271279223301,"Large-diameter DDW","Elastic Net"
6.1955987778346,355.911939476189,-0.017457344145047,0.811548102564102,"Large-diameter DDW","Elastic Net"
1.30523936445052,248.002194381938,-0.398229622012702,-0.696574696832579,"Large-diameter DDW","Elastic Net"
8.72830356715931,401.07239263839,-0.0264617002739724,1.40141686857143,"Large-diameter DDW","Elastic Net"
1.15800085536549,400.938727524421,-7.02117588502405,-0.977537057286626,"Large-diameter DDW","Elastic Net"
1.06587882944999,180.051479199831,-0.914174924543534,-0.536805473955469,"Large-diameter DDW","Elastic Net"
1.71107676715745,318.39317600295,-1.85390090866994,-0.869094493134124,"Large-diameter DDW","Elastic Net"
5.89080820772004,398.70920026253,-0.00717051557183046,0.497048277526395,"Large-diameter DDW","Elastic Net"
1.26291894806004,319.030475395059,-0.865651816785272,-0.860264108597285,"Large-diameter DDW","Elastic Net"
1.31203871197641,187.130415779023,-0.413499168238075,-0.282870725712566,"Large-diameter DDW","Elastic Net"
8.87813800649245,404.338895073331,-0.0259593114468422,1.41222341327466,"Large-diameter DDW","Elastic Net"
8.89735734261101,396.006006062517,-0.0283355521958772,1.47692842244224,"Large-diameter DDW","Elastic Net"
6.01502035894797,322.633464937374,-0.00773988058308239,0.973107165528672,"Large-diameter DDW","Elastic Net"
1.20035334614645,608.097807998282,-15.6583020654322,-1.07625004681788,"Large-diameter DDW","Elastic Net"
1.07312165968391,190.293415793434,-0.615374685751092,-0.66234176,"Large-diameter DDW","Elastic Net"
1.22309704801662,282.720131593496,-0.701889969611559,-0.837944426994128,"Large-diameter DDW","Elastic Net"
2.40706756193108,570.367043977708,-6.35649357405541,-1.33229853382059,"Large-diameter DDW","Elastic Net"
9.11312525276902,371.219293292699,-0.0371008392763419,1.72364853092006,"Large-diameter DDW","Elastic Net"
1.24134342544458,228.099894104465,-0.95900352563088,-0.632480067787457,"Large-diameter DDW","Elastic Net"
1.01118182242973,203.1640427612,-1.30832498573414,-0.730998721595166,"Large-diameter DDW","Elastic Net"
5.61274058123607,407.338339292539,0.0185783291546894,0.419104109419753,"Large-diameter DDW","Elastic Net"
1.11194671541124,301.952934925274,-1.65290477215883,-0.877701948717949,"Large-diameter DDW","Elastic Net"
1.30985199704528,201.952507647439,-0.212625130179403,-0.548486876420975,"Large-diameter DDW","Elastic Net"
5.80979059853124,344.171214446084,-0.0178250795465482,0.768846503850385,"Large-diameter DDW","Elastic Net"
9.06110266894215,418.607890165397,-0.0230227110327843,1.35930415686275,"Large-diameter DDW","Elastic Net"
1.0034158011535,235.851809756137,-1.83545719291729,-0.807312205128205,"Large-diameter DDW","Elastic Net"
1.16503513112441,250.114884311811,-0.875151421837588,-0.795907232323232,"Large-diameter DDW","Elastic Net"
9.59124783783952,421.990422081494,-0.0234712578473875,1.45246431138716,"Large-diameter DDW","Elastic Net"
5.84821660700894,332.991267483717,-0.0218563073699445,0.855296962229556,"Large-diameter DDW","Elastic Net"
1.13706225248681,187.344177142232,-0.367757266445481,-0.589603914563107,"Large-diameter DDW","Elastic Net"
1.22878399154216,293.715672340417,-0.788989746788819,-0.816032205128205,"Large-diameter DDW","Elastic Net"
1.34851577380446,260.392357318719,-0.69178987935523,-0.760654950061598,"Large-diameter DDW","Elastic Net"
9.39077499946491,427.649095565609,-0.0218019089372745,1.37171958974359,"Large-diameter DDW","Elastic Net"
1.03496781761898,183.879743552083,-0.675492892621981,-0.657152164283095,"Large-diameter DDW","Elastic Net"
1.09947583303076,177.70786600904,-0.0137401591626529,-0.373135484688675,"Large-diameter DDW","Elastic Net"
5.86966512691434,367.867687398501,0.00917669384706854,0.58528821348247,"Large-diameter DDW","Elastic Net"
1.04000265067317,301.174722299596,-3.73570345627341,-0.923694576168929,"Large-diameter DDW","Elastic Net"
1.17756908099314,208.142727334554,-0.313823611610912,-0.552713611673817,"Large-diameter DDW","Elastic Net"
1.29610580275083,262.463595429081,-0.453794426569616,-0.672500123500812,"Large-diameter DDW","Elastic Net"
6.17910305617713,346.231471752103,-0.0200160161021363,0.865587076923077,"Large-diameter DDW","Elastic Net"
9.04158919882408,398.052148076712,-0.0280472997742973,1.49342614781297,"Large-diameter DDW","Elastic Net"
5.92234767991119,346.33038840763,-0.0180640946988782,0.788886346907994,"Large-diameter DDW","Elastic Net"
9.17809985706478,415.900242353499,-0.0169178475957141,1.38910155712115,"Large-diameter DDW","Elastic Net"
1.39954179724825,303.347143885695,-1.01309661999223,-0.766009744647951,"Large-diameter DDW","Elastic Net"
1.40532561156667,240.023796278766,-0.358511481361429,-0.620496384383472,"Large-diameter DDW","Elastic Net"
0.973703407179862,215.214780928283,-1.71757031313891,-0.774093743589744,"Large-diameter DDW","Elastic Net"
0.549504892352658,72.6192838563626,-0.228407728699134,-0.0558146158004552,"Fine dead surface fuels","Elastic Net"
0.419025885309891,52.3957680938293,0.00120885749778676,0.0013535162932272,"Fine dead surface fuels","Elastic Net"
0.564757518135867,60.6980908600037,-0.0447414186740132,0.134525243777772,"Fine dead surface fuels","Elastic Net"
0.429016626825601,52.5735053068509,-0.0135993895883455,-0.0082947240288919,"Fine dead surface fuels","Elastic Net"
0.501813169668482,62.8981064467341,0.000365253599694859,-0.0300922799102946,"Fine dead surface fuels","Elastic Net"
0.438333872540681,59.8315444992375,-0.166628136621245,-0.109940624358023,"Fine dead surface fuels","Elastic Net"
0.406579274050811,49.1443197533876,0.00344081909722771,0.00585241689903779,"Fine dead surface fuels","Elastic Net"
0.537978549177443,62.9328240391266,-0.00132321800857671,0.0423746288929467,"Fine dead surface fuels","Elastic Net"
0.50599836821065,65.8193848092858,-0.0171947415401246,-0.0657877281553398,"Fine dead surface fuels","Elastic Net"
0.544082972190958,59.3184404454046,-0.0456969348168912,0.118368962160597,"Fine dead surface fuels","Elastic Net"
0.50373628974795,67.956303042495,0.00754329647979479,-0.0906139235753195,"Fine dead surface fuels","Elastic Net"
0.54154349209821,56.4148488054165,-0.105268167411842,0.174116896074113,"Fine dead surface fuels","Elastic Net"
0.486626127485425,59.1365069409595,-0.195755586323499,0.021169269251718,"Fine dead surface fuels","Elastic Net"
0.527172036728826,56.3523350183803,-0.0750054014743478,0.140725313212064,"Fine dead surface fuels","Elastic Net"
0.44500355059352,68.0837639851098,-0.384119501925403,-0.222668981936311,"Fine dead surface fuels","Elastic Net"
0.529147333811365,55.0308531197687,-0.120357708359738,0.177045698446525,"Fine dead surface fuels","Elastic Net"
0.510078184271241,51.5459582310563,-0.162006490526051,0.212438207753612,"Fine dead surface fuels","Elastic Net"
0.470854125100016,73.8890010077369,-0.29690638531367,-0.224090961154075,"Fine dead surface fuels","Elastic Net"
0.433882057295163,58.584643893835,-0.0414869479085551,-0.103781829514884,"Fine dead surface fuels","Elastic Net"
0.524727860937289,68.739095723087,-0.0388428077116307,-0.0791271878986051,"Fine dead surface fuels","Elastic Net"
0.497523911951649,65.4909720198695,-0.118949559236417,-0.0912324405257529,"Fine dead surface fuels","Elastic Net"
0.414527445986561,50.8055835568558,0.00392416017499919,-0.00622357577953987,"Fine dead surface fuels","Elastic Net"
0.543400632925654,63.4737737516736,0.020762617486322,0.040351891651575,"Fine dead surface fuels","Elastic Net"
0.465663109245454,51.6929823289337,-0.0398040029109346,0.0996581644539952,"Fine dead surface fuels","Elastic Net"
0.532822029766545,68.2451462859901,-0.0540711860432197,-0.0642426436195063,"Fine dead surface fuels","Elastic Net"
0.482219798493843,55.754399178384,-0.0288629399822955,0.0286392409996853,"Fine dead surface fuels","Elastic Net"
0.460465617678033,55.0028122934254,0.0420879066911463,0.0373914655505652,"Fine dead surface fuels","Elastic Net"
0.569294370437925,70.7622516652455,0.00971717143787376,-0.0341253969032432,"Fine dead surface fuels","Elastic Net"
0.506019277826074,66.3598366966505,-0.00211155570393351,-0.0798153308113038,"Fine dead surface fuels","Elastic Net"
0.363505091364952,43.0409356425603,0.0106606273766816,0.0529871298033533,"Fine dead surface fuels","Elastic Net"
0.492597307313941,60.2624994393806,0.0297850682681089,-0.0181520845301407,"Fine dead surface fuels","Elastic Net"
0.493067834660514,59.8286063535043,0.00669887978012429,0.00941305809236604,"Fine dead surface fuels","Elastic Net"
0.480428000617576,63.0039518054493,0.012705513748709,-0.0683835497672534,"Fine dead surface fuels","Elastic Net"
0.51488398689596,54.5402068732289,-0.0546444284930565,0.150287578644918,"Fine dead surface fuels","Elastic Net"
0.423270004600692,55.4242010323571,-0.0189344163574678,-0.0706172060325023,"Fine dead surface fuels","Elastic Net"
0.567945521042005,59.1482748961062,-0.0966352238572328,0.183048474648733,"Fine dead surface fuels","Elastic Net"
0.488459252599867,60.433556012397,0.0156046790422496,-0.0125733101081731,"Fine dead surface fuels","Elastic Net"
0.436790503385077,53.4474169937127,0.0371994159983077,-0.00291200489725241,"Fine dead surface fuels","Elastic Net"
0.492806979795288,64.3658822387357,-0.0278961961288702,-0.101622866888317,"Fine dead surface fuels","Elastic Net"
0.436325014757867,57.2857142034277,-0.00502671621325623,-0.0711383472859966,"Fine dead surface fuels","Elastic Net"
0.548345143068858,59.3253521985429,-0.29597157819674,0.125013124749298,"Fine dead surface fuels","Elastic Net"
0.550196969295854,68.3874430230207,-0.0193236327883803,-0.0229211421083831,"Fine dead surface fuels","Elastic Net"
0.50647817184964,64.0116842185398,0.0434229096461993,-0.0378248657865719,"Fine dead surface fuels","Elastic Net"
0.462310745498033,56.3717971367295,0.0500415241525594,0.0074665301207553,"Fine dead surface fuels","Elastic Net"
0.378119345758031,49.2188103386395,0.00685466923283951,-0.063754387807553,"Fine dead surface fuels","Elastic Net"
0.540402961188412,61.8302405660321,0.0261012511568051,0.0725210241895355,"Fine dead surface fuels","Elastic Net"
0.447806798126156,54.1748606967662,-0.000184085565084091,0.00607520000000008,"Fine dead surface fuels","Elastic Net"
0.509366871967497,72.309370218455,-0.0563798737732997,-0.138791241603755,"Fine dead surface fuels","Elastic Net"
0.508378248889418,60.2545833272818,-0.12568035653758,0.0030000966460663,"Fine dead surface fuels","Elastic Net"
0.431051716763963,50.3307360246559,-0.0104959951200667,0.0373172361709002,"Fine dead surface fuels","Elastic Net"
8.53288511467324,279.454469061234,0.106284680545455,0.992166280137153,"Total surface fuels","Leaps and Bounds"
3.76110939019096,207.404208081468,-2.2121724351183,-1.86766175208652,"Total surface fuels","Leaps and Bounds"
5.54084951922693,188.795777432027,0.0854651235236953,1.09528883801674,"Total surface fuels","Leaps and Bounds"
2.69112880138217,139.38160833924,-2.21153877160929,-1.34389429095742,"Total surface fuels","Leaps and Bounds"
2.86747859069095,135.002276373872,-1.0329656273641,0.408351290430262,"Total surface fuels","Leaps and Bounds"
6.55642938377289,234.717686591726,-0.151069761199319,-0.4026278115522,"Total surface fuels","Leaps and Bounds"
2.60470954859144,160.230504644855,-3.26599878641707,-1.12051802208814,"Total surface fuels","Leaps and Bounds"
8.48703510725219,236.847806113092,0.023600173116089,1.733055547182,"Total surface fuels","Leaps and Bounds"
2.55204044665907,159.219594696416,-1.73464548604821,-0.470153723789565,"Total surface fuels","Leaps and Bounds"
2.95743048275527,135.949713133859,-0.962012512731105,-0.429804589197517,"Total surface fuels","Leaps and Bounds"
2.06613075743356,127.935113309749,-1.39351993746991,-0.896691115260068,"Total surface fuels","Leaps and Bounds"
5.88985178583099,204.23769121739,-0.00421247754140097,0.246677419656949,"Total surface fuels","Leaps and Bounds"
3.83430544797471,249.581764406169,-9.5307822724529,-1.54365468714271,"Total surface fuels","Leaps and Bounds"
3.36328060232116,142.047226966075,-1.6092657136373,0.560138542824355,"Total surface fuels","Leaps and Bounds"
9.1049983797318,269.500318194011,-0.0668536163277789,1.5535331415769,"Total surface fuels","Leaps and Bounds"
8.43707447381033,237.118733705059,0.0452770568022433,1.05426143866912,"Total surface fuels","Leaps and Bounds"
6.12920056164198,180.93872418627,-0.00617758964144,1.36779258723728,"Total surface fuels","Leaps and Bounds"
2.69090864204768,226.612291614539,-12.1338280982124,-1.62130488775532,"Total surface fuels","Leaps and Bounds"
4.26603634395383,198.396962002986,-2.72757083959565,-0.455982163604017,"Total surface fuels","Leaps and Bounds"
2.44619668184832,170.73146210934,-3.34893141106552,-1.628961261891,"Total surface fuels","Leaps and Bounds"
12.5758335495081,794.97439748463,-59.9168987971032,-4.00397069177119,"Total surface fuels","Leaps and Bounds"
8.9788471223026,252.823812827298,-0.0308582765869423,1.53326869642769,"Total surface fuels","Leaps and Bounds"
3.09126896341231,142.801910310704,-1.35670111342123,-0.187798483650477,"Total surface fuels","Leaps and Bounds"
3.29150247742593,162.112387304469,-1.70602562051868,-0.0764263295731487,"Total surface fuels","Leaps and Bounds"
5.24006411749931,210.714002799539,0.143836501744403,0.371725963790521,"Total surface fuels","Leaps and Bounds"
2.35232652644633,126.83330240833,-0.879099083573418,-0.311005227380796,"Total surface fuels","Leaps and Bounds"
2.70484762596675,151.234850608167,-2.90761469508262,-0.56416728151137,"Total surface fuels","Leaps and Bounds"
5.78982934739876,171.182649506512,0.0915339405240569,1.22171944704492,"Total surface fuels","Leaps and Bounds"
8.92336450950093,277.215438259927,-0.0135155762931725,0.539171345262007,"Total surface fuels","Leaps and Bounds"
2.40113683946543,158.840889625794,-12.8319145252047,-0.702276745177424,"Total surface fuels","Leaps and Bounds"
2.03834046159626,113.720243189875,-0.561067546586286,-0.125346869151328,"Total surface fuels","Leaps and Bounds"
8.56312599808292,217.654497238878,0.173798088724215,0.816774900938405,"Total surface fuels","Leaps and Bounds"
5.80811944940408,206.943793162431,-0.0154935676698351,0.240920984113895,"Total surface fuels","Leaps and Bounds"
2.64138755652774,158.830087477086,-4.42900925522549,-0.449059105500338,"Total surface fuels","Leaps and Bounds"
2.87187167634925,155.68639479446,-0.766876810343718,-1.08864645506573,"Total surface fuels","Leaps and Bounds"
3.34769418042464,176.446879599983,-5.00258615216803,-1.56303799157417,"Total surface fuels","Leaps and Bounds"
8.99206262586848,258.94186353722,0.0473830129209187,1.27796773227434,"Total surface fuels","Leaps and Bounds"
4.58956548583517,200.619786706632,-2.31609354436523,-0.099221317783307,"Total surface fuels","Leaps and Bounds"
2.0491381360462,121.301020307003,-1.3718753326981,0.0695692316757118,"Total surface fuels","Leaps and Bounds"
5.20892188463831,200.254350231614,0.216246844820059,0.0557395322144709,"Total surface fuels","Leaps and Bounds"
1.6765703345752,109.09631401861,-3.40563099997536,-0.283383419846761,"Total surface fuels","Leaps and Bounds"
2.7884562643047,134.168367132578,-0.657732852522719,-0.411997000008296,"Total surface fuels","Leaps and Bounds"
3.05076746504383,199.078281307762,-3.99721146186202,-0.924236268026886,"Total surface fuels","Leaps and Bounds"
5.65703056849892,195.810905048513,0.131276838337206,-0.194084440683373,"Total surface fuels","Leaps and Bounds"
8.83731897088642,227.672608893744,0.0211082935718284,1.10759792449429,"Total surface fuels","Leaps and Bounds"
5.87377590202925,202.024584448716,-0.0191588062401478,0.276916531979971,"Total surface fuels","Leaps and Bounds"
9.06482897576358,221.973922304566,0.0206269856309985,1.9498580545071,"Total surface fuels","Leaps and Bounds"
4.32762933316008,287.263659810873,-12.4726805858941,-0.930274070048864,"Total surface fuels","Leaps and Bounds"
4.2259014845848,222.334456421548,-4.42385564075331,-1.97707845502401,"Total surface fuels","Leaps and Bounds"
2.02700518374991,136.940070603556,-3.83610205150968,-0.543474054756281,"Total surface fuels","Leaps and Bounds"
0.0459866843479123,102.740581653066,0.385638440594039,0.009637093571631,"Herbaceous fuels","Leaps and Bounds"
0.0425513177230126,126.710447681685,0.0955799706527037,-0.0175648074257792,"Herbaceous fuels","Leaps and Bounds"
0.0375800849101163,124.633013876718,0.402546125198392,-0.00176369886403921,"Herbaceous fuels","Leaps and Bounds"
0.0462330115813821,192.201890636981,-0.105017489722482,-0.000643127119378344,"Herbaceous fuels","Leaps and Bounds"
0.033271996932734,96.335579000087,0.224597274620135,0.0115938269043294,"Herbaceous fuels","Leaps and Bounds"
0.0463276107147612,128.396537617704,0.250665536642822,0.0130649568632873,"Herbaceous fuels","Leaps and Bounds"
0.0356376060276557,139.201033098829,0.223963483547023,-0.011113239475039,"Herbaceous fuels","Leaps and Bounds"
0.043314898482441,136.695500372881,0.114722938170899,-0.00442569321492388,"Herbaceous fuels","Leaps and Bounds"
0.0403408867510394,101.371237614183,0.310255194913747,0.00602863966697704,"Herbaceous fuels","Leaps and Bounds"
0.0399336806417191,116.449169043412,0.326697854419863,9.32851461976351e-05,"Herbaceous fuels","Leaps and Bounds"
0.0540662179858929,125.828054736184,0.29241864823598,0.0102097997481491,"Herbaceous fuels","Leaps and Bounds"
0.0340397031888067,131.654213213878,0.234958848228733,-0.00268080447644452,"Herbaceous fuels","Leaps and Bounds"
0.0352253181432781,86.3691316225227,0.449937004656606,0.00784764343576699,"Herbaceous fuels","Leaps and Bounds"
0.0411354033246188,208.919446431714,-0.829212664736761,-0.0157466131978227,"Herbaceous fuels","Leaps and Bounds"
0.0395879466987952,105.316139288562,0.307856834671497,0.000773664986049435,"Herbaceous fuels","Leaps and Bounds"
0.0403527886796325,135.993471260432,0.190132368848036,4.57269001459854e-05,"Herbaceous fuels","Leaps and Bounds"
0.0317127610998202,213.513688326916,-0.704501088874084,-0.0142194781420828,"Herbaceous fuels","Leaps and Bounds"
0.0469804466438129,100.162242566527,0.184742342769735,0.0219135238431155,"Herbaceous fuels","Leaps and Bounds"
0.0505732728292899,104.555039961319,0.341729011782486,0.00942683068068478,"Herbaceous fuels","Leaps and Bounds"
0.0286433742249792,107.617125882849,0.338677863914735,-0.00523187535077867,"Herbaceous fuels","Leaps and Bounds"
0.042727189659179,118.665541845836,0.20284376649539,0.00816228736926236,"Herbaceous fuels","Leaps and Bounds"
0.0344255843311488,129.098423903806,0.353462653016536,-0.00512463687754963,"Herbaceous fuels","Leaps and Bounds"
0.0422148313827244,114.985921577767,0.317669183952433,0.000933676996781699,"Herbaceous fuels","Leaps and Bounds"
0.0410411256835342,116.977556212661,0.318913420456809,-0.000889087695108449,"Herbaceous fuels","Leaps and Bounds"
0.0378155247806623,114.9707581066,0.340817056191039,-0.000399602512957169,"Herbaceous fuels","Leaps and Bounds"
0.0258886386226719,144.710109685142,-0.0969914831259659,-0.0175276491551355,"Herbaceous fuels","Leaps and Bounds"
0.0428945893356826,99.2657974546962,0.345198029737927,0.00640689881274487,"Herbaceous fuels","Leaps and Bounds"
0.0487748111197068,145.676980114169,0.332510149966543,0.00401025064705396,"Herbaceous fuels","Leaps and Bounds"
0.0405731089625856,110.897442604098,0.275821847700725,0.00585600449344452,"Herbaceous fuels","Leaps and Bounds"
0.0364801417336009,106.807617431125,0.141277441537573,0.00168461095037858,"Herbaceous fuels","Leaps and Bounds"
0.0549914505108486,111.048971144686,0.273334500789998,0.0157003327092254,"Herbaceous fuels","Leaps and Bounds"
0.0393022811253666,175.157430220786,-0.103271680368457,-0.00927438619358636,"Herbaceous fuels","Leaps and Bounds"
0.0307134805242875,99.175274368035,0.451931369253261,-0.00283132572615363,"Herbaceous fuels","Leaps and Bounds"
0.0349672572688609,115.418726131704,0.124242781176395,-0.00407470699059621,"Herbaceous fuels","Leaps and Bounds"
0.0385870746395102,127.680167560283,0.231547892979155,-0.00123371184391417,"Herbaceous fuels","Leaps and Bounds"
0.0388562579402703,210.973514140118,-0.182264284005013,-0.0120565640450876,"Herbaceous fuels","Leaps and Bounds"
0.0427701276407328,102.210843925757,0.346074278742218,0.00104550706685553,"Herbaceous fuels","Leaps and Bounds"
0.0356212955974163,106.362799824188,0.21985232965435,-0.00605230729703386,"Herbaceous fuels","Leaps and Bounds"
0.0416231371714608,117.492678861552,0.349276790667911,0.00962403217951162,"Herbaceous fuels","Leaps and Bounds"
0.0401060970751387,106.29546625419,0.415823259898398,0.00969091560363333,"Herbaceous fuels","Leaps and Bounds"
0.0499000851782123,139.045120957851,0.254527508735358,0.000781056264474441,"Herbaceous fuels","Leaps and Bounds"
0.040315738275201,98.5900296421394,0.352498171526084,0.000106891564249884,"Herbaceous fuels","Leaps and Bounds"
0.0408269485684925,129.281027765967,0.34486414129712,0.0019745238108605,"Herbaceous fuels","Leaps and Bounds"
0.035206123049776,118.406243440951,0.197914108021173,-0.0017509000171526,"Herbaceous fuels","Leaps and Bounds"
0.0293934884713777,103.263255358315,0.333370140401322,-0.00506998171487891,"Herbaceous fuels","Leaps and Bounds"
0.0369818123678882,110.337730832311,0.0356130136141921,-0.00437061095221428,"Herbaceous fuels","Leaps and Bounds"
0.0431367318730406,112.349282913074,0.318862779353954,-0.00119055514325688,"Herbaceous fuels","Leaps and Bounds"
0.0488921711165272,137.226544583391,0.356956300002502,0.00204319772350159,"Herbaceous fuels","Leaps and Bounds"
0.0361596087090082,112.466569342867,0.458100527806271,0.00294939653849557,"Herbaceous fuels","Leaps and Bounds"
0.0369595277861304,136.726781377879,-0.35028755045386,-0.00198346543560831,"Herbaceous fuels","Leaps and Bounds"
0.5047280775584,274.308737803478,-2.48109259512586,-0.111704638416419,"Live woody fuels","Leaps and Bounds"
1.28103040618903,241.722093401206,0.340978985601052,0.278683286948327,"Live woody fuels","Leaps and Bounds"
1.57776168073737,544.328263701738,-3.47189812603431,-0.409012827218415,"Live woody fuels","Leaps and Bounds"
0.759682626067448,228.564516440488,-2.18201871358976,-0.325698641665415,"Live woody fuels","Leaps and Bounds"
1.59326866719288,197.203117288081,0.0258304694383199,0.363557088742902,"Live woody fuels","Leaps and Bounds"
1.17067583807638,412.408261514241,-9.88304205261938,-0.286804995624085,"Live woody fuels","Leaps and Bounds"
1.21665733430371,493.810267563385,-14.6420807797313,-0.494401265749278,"Live woody fuels","Leaps and Bounds"
0.920256399265763,176.78394444549,0.382032732009786,0.18611601033872,"Live woody fuels","Leaps and Bounds"
1.22507141558007,242.368779414944,0.165754316933472,0.241663070829412,"Live woody fuels","Leaps and Bounds"
1.44232841900974,252.472409230359,0.215626209923612,0.149145586878253,"Live woody fuels","Leaps and Bounds"
0.904868533660193,393.056527421027,-6.26303033389166,-0.316120638292291,"Live woody fuels","Leaps and Bounds"
1.09094029275336,259.398024015131,-0.267426115889917,-0.0695174379889002,"Live woody fuels","Leaps and Bounds"
0.956165106849716,345.485296592613,-7.42628932610659,-0.238735079349842,"Live woody fuels","Leaps and Bounds"
1.28841109162779,181.108826804409,0.273521332077947,0.365003718331714,"Live woody fuels","Leaps and Bounds"
1.52736750991329,310.72123845433,0.0553123203804877,0.0559036953893671,"Live woody fuels","Leaps and Bounds"
0.85007589803067,321.92618445394,-5.77418054041777,-0.246232266895568,"Live woody fuels","Leaps and Bounds"
1.48624509081353,286.542859976819,0.14341506617092,0.18990464521543,"Live woody fuels","Leaps and Bounds"
1.0972030157654,358.673155765399,-5.18264104281702,-0.274399768078315,"Live woody fuels","Leaps and Bounds"
1.75630837792833,220.269369542129,-0.134454254514704,0.463701170181134,"Live woody fuels","Leaps and Bounds"
0.595316866672817,283.242521939762,-1.81016577786876,-0.163376180591161,"Live woody fuels","Leaps and Bounds"
1.01004237371173,277.326915098618,-0.0577764970603676,-0.0586656018118322,"Live woody fuels","Leaps and Bounds"
0.690988150350879,272.115098953126,-2.76459165730254,-0.187398221457926,"Live woody fuels","Leaps and Bounds"
1.28869935490052,177.092331295017,0.316803206173125,0.302287472046675,"Live woody fuels","Leaps and Bounds"
1.60428501457412,268.833917552612,-0.0128219811376213,0.0335304083128299,"Live woody fuels","Leaps and Bounds"
0.75159634023351,311.65879094108,-3.74767928003007,-0.213308505753231,"Live woody fuels","Leaps and Bounds"
1.27600707327323,211.393028145252,0.148791023337793,0.122061789951386,"Live woody fuels","Leaps and Bounds"
0.408049479294046,157.223407420388,-0.385688376204582,-0.111391535319236,"Live woody fuels","Leaps and Bounds"
1.93286852686823,241.581723444812,-0.0627074945975388,0.565217720308319,"Live woody fuels","Leaps and Bounds"
1.29415113072738,507.066659617707,-9.53764937546187,-0.465852607929966,"Live woody fuels","Leaps and Bounds"
0.556292885515082,268.084343723133,-2.70905193635903,-0.102999675936543,"Live woody fuels","Leaps and Bounds"
1.09198883343019,268.015811041974,-1.01836051732702,-0.349767877321591,"Live woody fuels","Leaps and Bounds"
1.6699020165562,204.935311026885,-0.0192832452448874,0.531128482400976,"Live woody fuels","Leaps and Bounds"
0.390260609429414,151.944345252843,0.0378384403356073,-0.137397021144839,"Live woody fuels","Leaps and Bounds"
0.771292406712901,943.490799513755,-62.1779209246239,-0.259486663053641,"Live woody fuels","Leaps and Bounds"
1.42928476894003,226.016757161838,0.24083560828788,0.247315316591272,"Live woody fuels","Leaps and Bounds"
1.30416592370482,383.377954252373,-11.4521660388096,-0.589770262433656,"Live woody fuels","Leaps and Bounds"
0.955403217393534,223.953247684692,0.151703120983895,0.0879265207438963,"Live woody fuels","Leaps and Bounds"
1.95428825632774,223.572457844724,0.0982203860047155,0.644660744511533,"Live woody fuels","Leaps and Bounds"
0.748632887563603,277.743049118356,-2.41350147128322,-0.142870217173783,"Live woody fuels","Leaps and Bounds"
0.473530678972058,229.684004933913,-1.86493558399356,-0.138565418475799,"Live woody fuels","Leaps and Bounds"
1.16321884907662,502.958345961062,-9.81896099388538,-0.556575871761135,"Live woody fuels","Leaps and Bounds"
1.75793350133111,288.714462260083,-0.405215344457424,0.421701283846546,"Live woody fuels","Leaps and Bounds"
0.688503226295323,319.024163880781,-3.0184324326754,-0.30919216796043,"Live woody fuels","Leaps and Bounds"
0.708728270869266,278.467750135266,-5.0276687296886,-0.13088302376754,"Live woody fuels","Leaps and Bounds"
1.71201429288121,210.46954106236,0.095838739965693,0.513835284209725,"Live woody fuels","Leaps and Bounds"
0.993821070767485,342.815133069157,-4.32715623475292,-0.287460842839215,"Live woody fuels","Leaps and Bounds"
2.00280865397062,197.917258331168,0.0941400471595036,0.683878461242999,"Live woody fuels","Leaps and Bounds"
0.49053267780008,160.789055469047,-0.444658969471772,-0.0332921709024531,"Live woody fuels","Leaps and Bounds"
0.921044299658068,239.092999536688,0.0436755497901729,-0.300895644435006,"Live woody fuels","Leaps and Bounds"
0.33465588382227,231.900688671797,-0.807299508539253,-0.0500980384210542,"Live woody fuels","Leaps and Bounds"
8.89614022589767,430.190181387763,0.0483415041386687,1.6458258561309,"Large-diameter DDW","Leaps and Bounds"
3.97334489403195,882.678849987447,-19.454136414716,-2.01531458323041,"Large-diameter DDW","Leaps and Bounds"
5.40039618982792,320.613752022168,0.116786793735165,1.02624262789761,"Large-diameter DDW","Leaps and Bounds"
2.55443177744326,366.11969795834,-3.46269925954476,-1.12781717422418,"Large-diameter DDW","Leaps and Bounds"
2.41043146578732,498.298123630922,-5.14279918068123,0.179097559586765,"Large-diameter DDW","Leaps and Bounds"
6.48298322614443,372.421006644834,-0.114036540397926,-0.0514568826188077,"Large-diameter DDW","Leaps and Bounds"
3.34286345764791,635.16125516555,-8.1713960474296,-0.413968359938355,"Large-diameter DDW","Leaps and Bounds"
8.34126341999625,383.287594404073,0.0625529694891191,1.44787792411158,"Large-diameter DDW","Leaps and Bounds"
2.15040905168795,744.543723647456,-26.6606536036363,-0.481979465679694,"Large-diameter DDW","Leaps and Bounds"
2.80418681842228,473.691728045797,-12.2489004564009,-0.786113106079198,"Large-diameter DDW","Leaps and Bounds"
2.72125595934527,506.364965174685,-6.21836247959657,-0.614061791607805,"Large-diameter DDW","Leaps and Bounds"
5.78234379808271,391.367973643274,0.0295770551725395,0.132817442886002,"Large-diameter DDW","Leaps and Bounds"
3.64276451543367,920.211781521079,-14.5217910160441,-1.38328879666686,"Large-diameter DDW","Leaps and Bounds"
2.72335549396721,388.420433976748,-5.08991078602958,0.17201535254374,"Large-diameter DDW","Leaps and Bounds"
8.50675688974794,387.425007241698,0.058079178734624,1.49798937638967,"Large-diameter DDW","Leaps and Bounds"
8.27550415305574,368.328394781957,0.110385801251698,1.50720506513946,"Large-diameter DDW","Leaps and Bounds"
5.64862611111904,302.980822276852,0.111290339597545,1.18448108072455,"Large-diameter DDW","Leaps and Bounds"
1.78850742318713,906.056076837941,-35.9823080691341,-0.860859926616098,"Large-diameter DDW","Leaps and Bounds"
3.95718145319231,701.715009521095,-20.9658129655909,-1.21233542975826,"Large-diameter DDW","Leaps and Bounds"
2.46126128652548,568.923059654873,-5.89167968814618,-1.45187456195179,"Large-diameter DDW","Leaps and Bounds"
13.2170212364652,3131.84118803272,-220.799965865456,-4.3922407622231,"Large-diameter DDW","Leaps and Bounds"
8.67109318148563,353.213304286384,0.0610682747076573,1.49881271380031,"Large-diameter DDW","Leaps and Bounds"
2.10958742467984,387.641855033989,-4.65778417592849,-0.112602827165603,"Large-diameter DDW","Leaps and Bounds"
3.56675043288775,716.622294222554,-27.7199639181113,-0.585437647768246,"Large-diameter DDW","Leaps and Bounds"
5.30376810329928,384.915008973189,0.123655716141415,0.191926621929561,"Large-diameter DDW","Leaps and Bounds"
2.10307541558011,571.097324451151,-8.48993857881494,-0.516223433359601,"Large-diameter DDW","Leaps and Bounds"
3.21958683447783,496.394734884693,-6.32626117248198,-0.504969036829893,"Large-diameter DDW","Leaps and Bounds"
5.43194796458876,321.787867578751,0.110259436040353,0.714312555162323,"Large-diameter DDW","Leaps and Bounds"
8.80847926586786,406.937108624669,0.0332258149244541,0.887717519990186,"Large-diameter DDW","Leaps and Bounds"
2.32564281954715,546.63985479002,-14.231660590073,-0.552294388196822,"Large-diameter DDW","Leaps and Bounds"
2.35302723750653,505.158273402003,-6.64913294631535,0.507818671930387,"Large-diameter DDW","Leaps and Bounds"
8.61807233514309,379.173184107301,0.173684890199005,0.401018953973875,"Large-diameter DDW","Leaps and Bounds"
5.76479634322842,328.241405904238,0.00708774928880773,0.571934945835876,"Large-diameter DDW","Leaps and Bounds"
2.38241210588222,392.529990872575,-5.00446503929908,-0.0394221243363608,"Large-diameter DDW","Leaps and Bounds"
2.66138144589472,636.148782955932,-7.39210698217533,-1.20360236748589,"Large-diameter DDW","Leaps and Bounds"
3.08709064656078,596.103379975064,-7.86611019467435,-1.35291182033083,"Large-diameter DDW","Leaps and Bounds"
8.75195213609465,398.5575648067,0.11248907611551,1.03487530294926,"Large-diameter DDW","Leaps and Bounds"
4.05616116634413,720.646441731054,-24.7347115232785,-0.542208563498566,"Large-diameter DDW","Leaps and Bounds"
1.85310329848218,299.516390241901,-1.87974832206291,0.45816656353804,"Large-diameter DDW","Leaps and Bounds"
5.52205809313223,346.082220446641,0.123056716324444,0.265449342113173,"Large-diameter DDW","Leaps and Bounds"
1.85820652882851,538.118662421657,-14.1183212863063,-0.359558236301272,"Large-diameter DDW","Leaps and Bounds"
2.25726385006125,398.985555623789,-3.82757386418137,-0.644052974071191,"Large-diameter DDW","Leaps and Bounds"
2.66401565170794,539.467630453187,-5.1417994863308,-0.636495076515883,"Large-diameter DDW","Leaps and Bounds"
5.76569132323242,323.066919965911,0.11190609427839,0.376103768185113,"Large-diameter DDW","Leaps and Bounds"
8.38933278599222,369.336834815377,0.114928413308816,0.847822991587011,"Large-diameter DDW","Leaps and Bounds"
6.11259672672808,357.455879486408,-0.0845231095979542,0.34526166727136,"Large-diameter DDW","Leaps and Bounds"
8.88582418051694,402.655940525958,0.0468181936745194,1.16389090048376,"Large-diameter DDW","Leaps and Bounds"
4.21475715867122,913.537951327019,-17.2573603424617,-0.611592932615291,"Large-diameter DDW","Leaps and Bounds"
3.78976723159402,647.27655317261,-8.87948857693593,-1.82515596942835,"Large-diameter DDW","Leaps and Bounds"
2.02529097409106,447.644067064995,-10.7571555681513,-0.452782437563326,"Large-diameter DDW","Leaps and Bounds"
0.549382638029868,72.6031274554043,-0.227861195078816,-0.0206771483632914,"Fine dead surface fuels","Leaps and Bounds"
0.451362257566651,56.4391676096085,-0.158893320320024,0.0292219695393878,"Fine dead surface fuels","Leaps and Bounds"
0.553774548004389,59.5176810424353,-0.00450187824239823,0.020737948040926,"Fine dead surface fuels","Leaps and Bounds"
0.435364838544728,53.3514419219746,-0.0438180314011452,-0.0126331856554946,"Fine dead surface fuels","Leaps and Bounds"
0.48314796452547,60.5585782499932,0.073346133494219,-0.049256532473468,"Fine dead surface fuels","Leaps and Bounds"
0.474503712094285,64.7686426802158,-0.367104177596685,-0.0624110012818396,"Fine dead surface fuels","Leaps and Bounds"
0.44758333592753,54.1005899242211,-0.207703819983789,-0.0192629214080418,"Fine dead surface fuels","Leaps and Bounds"
0.521143954924765,60.9635102821119,0.06036372051893,0.00825597377129018,"Fine dead surface fuels","Leaps and Bounds"
0.483524455860584,62.8960175060075,0.0711560353145336,-0.0747257992098763,"Fine dead surface fuels","Leaps and Bounds"
0.585036432752012,63.7833760076069,-0.209042009237391,0.146263210819542,"Fine dead surface fuels","Leaps and Bounds"
0.526892553012118,71.0801876538239,-0.0857984370094043,-0.0405984318273497,"Fine dead surface fuels","Leaps and Bounds"
0.540372985614503,56.2929122531956,-0.100495419033094,0.162535231954144,"Fine dead surface fuels","Leaps and Bounds"
0.541642260787808,65.8222596474838,-0.481414723972287,0.0472231475486367,"Fine dead surface fuels","Leaps and Bounds"
0.53958881596753,57.679633233685,-0.126242195218455,0.118410396317506,"Fine dead surface fuels","Leaps and Bounds"
0.443734000709738,67.8895279289268,-0.376233262898696,-0.239607712067202,"Fine dead surface fuels","Leaps and Bounds"
0.51039504178907,53.080631391342,-0.042356732321001,0.203394043845004,"Fine dead surface fuels","Leaps and Bounds"
0.507965186992059,51.3324292606875,-0.152399214395186,0.228908708918752,"Fine dead surface fuels","Leaps and Bounds"
0.511778239710917,80.3110365905903,-0.532143706935524,-0.191245833726162,"Fine dead surface fuels","Leaps and Bounds"
0.424454032205611,57.3116309097608,0.00328320245301217,-0.111712636202696,"Fine dead surface fuels","Leaps and Bounds"
0.53781649653132,70.4537006487254,-0.0913142540054228,-0.0726797277708806,"Fine dead surface fuels","Leaps and Bounds"
0.564625633520564,74.323827816722,-0.441132040996664,-0.113516299656087,"Fine dead surface fuels","Leaps and Bounds"
0.439992979089784,53.9267068562227,-0.122218226896327,0.012768327271369,"Fine dead surface fuels","Leaps and Bounds"
0.518814879917931,60.6019505895901,0.107367795457908,0.0367898161456608,"Fine dead surface fuels","Leaps and Bounds"
0.431097188744404,47.8558402359313,0.108834840431503,0.100732340258544,"Fine dead surface fuels","Leaps and Bounds"
0.533646279180215,68.3507181630326,-0.0573349008202098,-0.0712533661353374,"Fine dead surface fuels","Leaps and Bounds"
0.519994048687383,60.1218694285331,-0.196366368598077,-0.0334755234136022,"Fine dead surface fuels","Leaps and Bounds"
0.485470014171654,57.9895980034732,-0.0647706250912699,0.0484165239427855,"Fine dead surface fuels","Leaps and Bounds"
0.590823727303787,73.4383114470437,-0.0665993784141943,-0.0543182062883728,"Fine dead surface fuels","Leaps and Bounds"
0.560030641885301,73.4429369969627,-0.227454846655733,-0.0614397465558453,"Fine dead surface fuels","Leaps and Bounds"
0.372912319891247,44.1548015200772,-0.0412086310752546,0.0846281399940456,"Fine dead surface fuels","Leaps and Bounds"
0.515645542605284,63.0821337445232,-0.0631301212016662,-0.00555353693946507,"Fine dead surface fuels","Leaps and Bounds"
0.504953175551874,61.2707677186965,-0.0417650813290575,0.102790568820876,"Fine dead surface fuels","Leaps and Bounds"
0.561113567649214,73.5851618309306,-0.34676440367694,0.00792120302207558,"Fine dead surface fuels","Leaps and Bounds"
0.509811573993431,54.0029004972467,-0.0339669896279964,0.147137434719231,"Fine dead surface fuels","Leaps and Bounds"
0.436382581060363,57.1411997940307,-0.0830438961880415,-0.0682601207472262,"Fine dead surface fuels","Leaps and Bounds"
0.569829039659357,59.3444325781787,-0.103920985683272,0.21606307044079,"Fine dead surface fuels","Leaps and Bounds"
0.477574701792153,59.0868886959186,0.0589872975525109,-0.021974642725816,"Fine dead surface fuels","Leaps and Bounds"
0.430234495492811,52.6451978865744,0.0658848257245671,0.0169400279094387,"Fine dead surface fuels","Leaps and Bounds"
0.542314035108532,70.8320351605197,-0.244793313048553,-0.14074595583579,"Fine dead surface fuels","Leaps and Bounds"
0.428522857241031,56.2613581601978,0.0305947521453777,-0.0396797794027519,"Fine dead surface fuels","Leaps and Bounds"
0.626639308110027,67.7959823753017,-0.692476873368842,0.134994733831965,"Fine dead surface fuels","Leaps and Bounds"
0.579697191903907,72.054211299401,-0.13156133404991,0.00238664159938063,"Fine dead surface fuels","Leaps and Bounds"
0.505119114259789,63.8399185431137,0.0485496819029374,-0.0276283486183493,"Fine dead surface fuels","Leaps and Bounds"
0.466102949815204,56.8341990483233,0.0343931250920337,0.0125618058105045,"Fine dead surface fuels","Leaps and Bounds"
0.384554281955522,50.0564292221977,-0.0272361928781668,-0.0427047702748371,"Fine dead surface fuels","Leaps and Bounds"
0.51584041999935,59.0199157904369,0.112621082500318,0.0523101533276663,"Fine dead surface fuels","Leaps and Bounds"
0.432359653627862,52.3060929494706,0.0676287017497068,0.0481570838826107,"Fine dead surface fuels","Leaps and Bounds"
0.51734844959201,73.4424294791584,-0.0897453640663317,-0.110425831071153,"Fine dead surface fuels","Leaps and Bounds"
0.591662890483655,70.1257400649775,-0.524719054036832,0.0686646177799308,"Fine dead surface fuels","Leaps and Bounds"
0.451847969181001,52.7589613396179,-0.11035156184582,0.0496358219025732,"Fine dead surface fuels","Leaps and Bounds"
